{
  "is_rendering": 1,
  "timestamp": "2025-08-11T17:42:20.037246",
  "last_check": 1754905340.037252
}